536205;1059,973;39;64;-42;2427,9;2451,63;2465,27;2473,87;2480,11;2484,61;2488,14;2490,96;2493,38;2495,39;2497,88;2499,93;2501,98;2503,68;2504,78;2505,28;2505,83;2506,35;2507,05;2507,87;2508,51;2509,43;2509,76;2510,37;2510,72;2511,29;2511,7;2512,16;2513,03;2513,5;2514,1;2514,53;2515,11;2515,52;2516,21;2516,85;2517,95;2518,9;2519,64;2520,08;2520,57;2521,15;2521,71;2522,26;2522,77;2523,56;2524,44;2525,12;2525,12;2525,1;2525,26;2525,93;2526,51;2526,94;2527,02;2527,1;2527,03;2527,53;2528,48;2529,46;2529,58;2529,35;2528,75;2528,23;2527,99;2527,99;2528,01;2528,37;2528,88;2529,34;2529,78;2530,33;2530,65;2530,9;2530,9;2530,69;2530,6;2531,01;2531,43;2532,03;2532,23;2532,46;2532,75;2532,98;2533,1;2532,72;2532,3;2532,05;2531,94;2531,93;2531,79;2531,79;2531,81;2532,18;2532,72;2533,25;2533,93;2534,15;2533,69;2533,32;2533,27;2533,34;2533,39;2533,27;2532,89;2532,89;2532,22;2531,55;2531,14;2530,8;2530,66;2530,95;2531,04;2530,7;2530,38;2530,09;2530,1;2529,83;2529,61;2529,55;2529,36;2529,1;2529,18;2529,33;2529,43;2529,55;2529,39;2529,2;2528,48;2527,93;2527,7;2527,56;2527,13;2526,49;2526,07;2525,69;2525,54;2524,87;2524,46;2523,91;2523,13;2522,37;2521,53;2520,71;2520,2;2519,71;2519,5;2519,42;2519,14;2518,58;2518,09;2517,74;2517,17;2516,53;2515,91;2515,21;2514,3;2513,6;2513,36;2513,14;2513,02;2512,97;2512,45;2512,04;2511,63;2511,13;2510,73;2510,33;2509,99;2509,94;2509,29;2507,97;2506,6;2505,55;2504,67;2504;2503,52;2503,05;2502,58;2501,68;2501,11;2500,45;2499,52;2498,42;2497,38;2496,09;2495,28;2494,34;2493,48;2492,64;2491,55;2490,53;2489,23;2487,48;2485,84;2484,11;2482,36;2480,31;2478,3;2476,31;2474;2471,23;2467,83;2462,98;2456,31;2447,2;2433,7
536203;1045,741;54;74,01;-39;2465,65;2488,09;2501,4;2510,08;2516,43;2520,7;2524,3;2526,72;2528,57;2530,15;2531,83;2533,23;2534,63;2536,21;2537,75;2538,84;2539,85;2540,6;2541,25;2542,07;2542,75;2543,5;2543,94;2544,41;2545,02;2545,52;2545,74;2546,24;2546,83;2547,36;2547,91;2548,72;2549,28;2549,85;2550,63;2551,59;2552,77;2553,54;2554,17;2554,56;2554,75;2555;2555,35;2555,93;2556,35;2556,8;2557,69;2558,39;2558,78;2559,4;2559,64;2560,23;2560,98;2561,53;2561,88;2562,37;2563,05;2563,94;2564,57;2565,04;2565,03;2564,61;2564,17;2563,78;2563,55;2563,47;2563,55;2563,87;2564,2;2564,94;2565,48;2565,85;2565,99;2566,06;2566,27;2566,36;2566,49;2566,86;2567,12;2567,38;2567,37;2567,45;2567,38;2567,28;2567,44;2567,31;2567,15;2566,9;2566,58;2566,54;2566,82;2566,89;2567,1;2567,34;2567,66;2568,1;2568,49;2568,68;2568,39;2567,9;2567,52;2567,3;2567,07;2567,04;2567,36;2566,99;2566,66;2565,93;2565,73;2565,77;2565,82;2566;2565,83;2565,91;2565,76;2565,19;2564,84;2564,77;2564,55;2564,43;2564,85;2564,75;2564,73;2564,71;2564,65;2564,61;2564,5;2564,27;2564,22;2563,88;2563,58;2563,57;2562,95;2562,05;2561,65;2560,91;2560,46;2560,15;2559,75;2559,15;2558,41;2557,82;2557,08;2556,79;2556,55;2556,29;2556,25;2555,82;2555,32;2554,75;2554,39;2554,21;2553,64;2552,83;2552,34;2551,93;2551,39;2550,99;2550,48;2550,04;2549,59;2549,2;2548,98;2548,61;2547,99;2547,25;2546,63;2546,25;2545,84;2545,42;2544,47;2543,47;2542,36;2541,49;2540,78;2540,19;2539,71;2539,15;2538,06;2537,32;2536,44;2535,71;2535,05;2534,27;2533,27;2532,17;2531,2;2530,31;2529,49;2528,77;2528,04;2527,06;2525,81;2524,17;2522,57;2521,2;2520,06;2518,28;2516,55;2514,36;2511,53;2507,6;2502,76;2496,18;2486,94;2473,45;2450,43
536202;1039,067;54;74;-32;2416,83;2444,6;2460,77;2471,47;2479,46;2485,39;2489,74;2492,92;2495,23;2497,3;2499,57;2501,59;2503,68;2505,46;2507,08;2508,4;2509,55;2510,4;2511,25;2512,29;2512,97;2513,77;2514,59;2515,28;2515,9;2516,62;2517,24;2517,81;2518,72;2519,49;2520,4;2521,1;2521,85;2522,69;2523,2;2524,06;2524,95;2525,7;2526,23;2526,5;2526,69;2526,83;2526,95;2527,48;2528;2528,79;2529,68;2530,56;2531,15;2531,44;2531,85;2532,64;2533,29;2533,81;2534,16;2535;2535,95;2536,68;2536,95;2537,27;2537,37;2537,25;2536,83;2536,27;2536,53;2536,86;2537,08;2537,19;2537,36;2537,7;2538,03;2538,23;2538,75;2539,14;2539,12;2538,96;2538,86;2539,19;2539,51;2539,44;2539,58;2540,17;2540,57;2540,83;2540,47;2540,13;2539,56;2539,1;2539,26;2539,41;2539,28;2538,95;2538,77;2538,7;2539,24;2539,66;2539,92;2539,65;2539,73;2539,82;2540,14;2540,4;2540,67;2540,52;2540,3;2539,5;2538,76;2538,39;2538,33;2538,59;2538,72;2538,58;2538,73;2538,74;2538,65;2538,03;2537,62;2537,34;2537,29;2537,3;2537,38;2537,39;2537,03;2536,87;2536,78;2536,46;2536,29;2536,21;2536,28;2536,22;2535,71;2535,45;2535,21;2534,53;2533,82;2533,11;2532,72;2532,65;2532,42;2532,01;2530,9;2530,34;2529,83;2529,39;2529,67;2529,57;2529,2;2528,74;2528,48;2528,13;2527,77;2527,3;2526,47;2525,62;2524,86;2524,28;2524,06;2523,68;2523,18;2523;2522,8;2522,45;2522,09;2521,47;2520,87;2520,14;2519,22;2518,6;2518,21;2517,77;2516,84;2515,43;2514,34;2513,52;2512,59;2511,81;2511,08;2510,34;2509,6;2508,71;2507,79;2507,04;2506,1;2504,99;2503,87;2502,67;2501,67;2500,38;2499,73;2498,82;2497,57;2495,99;2493,9;2492,1;2490,72;2489,2;2487,75;2485,76;2483,49;2480,84;2477,49;2472,74;2466,48;2457,71;2446,14;2430,38;2404,21
536197;1046,454;64;84;-38;2416,52;2442,35;2458,94;2470,68;2479,14;2486,01;2491,41;2495,52;2498,74;2501,17;2502,79;2504,55;2506,29;2508,06;2509,5;2510,6;2511;2511,67;2512,31;2513,46;2514,22;2515,01;2515,37;2516,12;2516,69;2517,54;2517,77;2518,01;2518,42;2519,25;2519,75;2520,71;2521,45;2522,16;2522,8;2523,99;2525,7;2527,27;2527,88;2528,16;2528,44;2528,46;2528,27;2528,06;2527,87;2528,24;2528,96;2529,6;2530,13;2530,56;2531,2;2532,26;2532,88;2533,08;2533,46;2534,2;2535,49;2536,62;2537,43;2537,81;2537,85;2537,84;2537,5;2537,42;2537,45;2537,22;2536,87;2536,78;2537,52;2537,75;2537,87;2537,82;2538,49;2539;2539,21;2539;2538,66;2538,91;2539,39;2539,9;2539,81;2539,73;2539,95;2540,41;2540,61;2540,33;2539,95;2539,93;2540;2539,92;2539,95;2539,93;2539,67;2539,39;2539,62;2540,14;2540,84;2541,15;2540,86;2540,4;2540,33;2540,9;2541,49;2541,84;2541,65;2540,79;2539,85;2539,29;2538,83;2539;2539,23;2539,55;2539,51;2538,84;2538,48;2538,34;2538,23;2537,75;2537,19;2537,34;2537,31;2537,13;2536,7;2536,72;2536,61;2536,37;2536,2;2536,03;2536,25;2536,59;2536,31;2535,61;2535,13;2534,87;2534,73;2533,74;2532,71;2532,1;2531,84;2531,66;2531,16;2530,37;2529,4;2528,63;2528,26;2528,05;2527,87;2527,51;2527,21;2526,85;2526,65;2526,05;2525,63;2525,1;2524,65;2524,02;2523,31;2522,32;2521,83;2521,15;2520,68;2520,33;2519,95;2519,28;2518,71;2518,22;2517,75;2517,44;2517,07;2516,2;2514,69;2513,21;2511,73;2510,75;2509,94;2509,55;2509,07;2507,87;2506,92;2505,52;2504,44;2503,62;2502,77;2501,89;2500,69;2499,45;2497,93;2496,35;2495,36;2494,77;2493,99;2492,34;2490,79;2489,16;2487,82;2486,22;2484,12;2481,99;2479,26;2476,09;2472,35;2467,8;2461,67;2453,22;2441,98;2426,59;2402,01
536206;1057,738;64;84;-43;2409,59;2438,19;2455,8;2467,56;2476,53;2483,15;2488,26;2492,23;2494,72;2496,67;2498,57;2500,56;2502,39;2504,48;2506,13;2507,1;2507,94;2508,95;2510,05;2510,71;2511,63;2512,58;2513,07;2513,67;2513,97;2514,3;2514,42;2514,63;2515,44;2516,21;2517,18;2517,97;2518,96;2519,82;2520,81;2521,78;2523,15;2524,34;2524,94;2524,92;2524,81;2524,49;2524,36;2523,92;2523,96;2524,2;2525,17;2526,07;2526,91;2527,58;2528,31;2528,65;2529,28;2529,87;2530,47;2531,23;2532,25;2533,58;2534,58;2535,04;2535,45;2535,58;2535,45;2535,16;2534,88;2534,84;2534,72;2534,99;2535,64;2535,99;2536,15;2535,98;2536,09;2536,49;2537,05;2536,61;2536,33;2536,55;2536,92;2537,75;2538,01;2538,33;2538,37;2539;2539,05;2538,55;2537,71;2536,51;2536,05;2535,76;2536;2535,88;2536,01;2535,74;2535,65;2535,68;2536;2536,64;2536,82;2536,65;2536,64;2536,79;2537,33;2537,94;2537,93;2537,41;2536,15;2534,77;2534,11;2534,15;2534,38;2534,41;2534,51;2534,64;2534,73;2534,76;2534,47;2534,1;2533,6;2533,59;2533,61;2533,27;2532,82;2532,8;2532,86;2532,69;2532,62;2532,31;2532,25;2532,12;2532,07;2531,44;2530,83;2530,61;2530,23;2529,42;2528,11;2527,4;2527,09;2526,99;2526,7;2525,64;2524,65;2523,87;2523,43;2523,47;2523,9;2523,85;2523,52;2522,9;2522,45;2522,15;2521,76;2521,16;2520,77;2519,97;2519,09;2518,36;2517,5;2516,86;2516,46;2515,98;2515,69;2515,22;2514,68;2514,16;2513,32;2512,79;2512,48;2511,68;2510,4;2509,19;2507,75;2506,45;2505,72;2504,96;2504,35;2503,8;2502,85;2502,07;2501,25;2500,43;2499,25;2498,18;2496,89;2495,66;2494,35;2493,39;2492,7;2492,18;2491,32;2490,13;2488,58;2486,91;2485,81;2484,64;2483,14;2481,11;2478,44;2475,54;2472,19;2467,78;2461,81;2453,32;2441,7;2426,01;2401,12
536207;1056,784;74;99;-34;2405,82;2433,51;2449,99;2461,64;2470,1;2477,08;2482,37;2486,23;2489,23;2491,94;2494,34;2496,19;2498;2499,44;2500,82;2502,05;2503,28;2504,51;2505,62;2506,89;2507,99;2508,97;2509,63;2510,19;2510,67;2510,94;2511,7;2512,23;2512,92;2513,99;2515,03;2515,6;2516,43;2517,26;2518,26;2519,34;2520,63;2521,58;2522,09;2522,13;2522,02;2522,02;2522,29;2522,26;2522,37;2522,74;2523,35;2523,89;2524,25;2524,81;2525,46;2526,07;2527,04;2527,71;2528,52;2529,34;2530,37;2531,42;2532,07;2532,85;2533,35;2533,65;2533,28;2533,21;2533,01;2532,95;2532,8;2533,25;2533,58;2534,03;2534,32;2534,49;2534,58;2534,85;2534,81;2534,65;2534,46;2534,67;2535,16;2535,2;2535,5;2535,46;2535,55;2535,82;2535,74;2535,57;2535,23;2534,83;2534,85;2534,82;2534,7;2534,55;2534,69;2534,81;2534,92;2535,28;2535,63;2535,75;2535,83;2535,88;2535,78;2535,98;2536,17;2536,08;2535,96;2535,51;2534,93;2534,73;2534,52;2534,22;2534,26;2534,27;2534,2;2534,17;2533,99;2533,93;2533,81;2533,7;2533,5;2533,16;2533;2532,94;2532,56;2532,62;2532,52;2532,66;2532,54;2532,36;2532,09;2532,15;2532,2;2531,81;2531,27;2530,66;2530,02;2529,25;2528,5;2527,81;2527,45;2526,92;2526,52;2526,24;2526,07;2525,7;2525,22;2525,2;2524,89;2524,55;2524,27;2524,02;2523,69;2523,32;2522,8;2522,32;2521,86;2521,21;2520,58;2519,93;2519,21;2518,42;2517,88;2517,61;2517,12;2516,57;2516,1;2515,47;2514,72;2514,06;2513,54;2512,97;2511,91;2510,69;2509,47;2508,53;2507,58;2506,7;2505,83;2504,99;2504,13;2503,14;2502,45;2501,65;2500,93;2500,47;2499,7;2498,98;2498,12;2497,35;2496,76;2495,93;2495,07;2494,13;2493,04;2491,44;2490,22;2488,78;2487,11;2484,71;2481,83;2478,33;2474,14;2468,85;2462,11;2453,75;2442,8;2427,91;2403,47
536204;1058,33;74;99;-26;2408,35;2435,04;2451,86;2463,34;2472,04;2478,57;2483,75;2487,85;2491,23;2493,44;2495,75;2497,6;2499,1;2500,66;2502,2;2503,52;2504,62;2505,6;2506,77;2507,92;2508,67;2509,73;2510,56;2511,09;2511,87;2512,6;2513,26;2513,92;2514,75;2515,79;2516,83;2517,74;2518,71;2519,74;2520,74;2521,89;2522,78;2523,33;2523,65;2523,43;2523,47;2523,56;2523,7;2524,26;2524,65;2525,21;2525,88;2526,54;2527,16;2527,56;2528,22;2529;2529,81;2530,82;2531,55;2532,37;2533,39;2534,31;2535,02;2535,62;2535,96;2536,07;2536,1;2536,01;2536,16;2536,12;2536,26;2536,57;2536,76;2536,89;2537,04;2537,26;2537,35;2537,39;2537,71;2537,78;2537,75;2537,83;2537,91;2538,16;2538,49;2538,56;2538,37;2538,45;2538,44;2538,42;2538,21;2537,94;2537,86;2537,93;2538,01;2537,66;2537,56;2537,45;2537,41;2537,38;2537,54;2537,63;2537,81;2537,93;2537,94;2537,81;2537,73;2537,94;2537,92;2537,92;2537,66;2537,49;2537,28;2537,01;2536,83;2536,62;2536,58;2536,39;2536,24;2536,01;2535,82;2535,44;2535,35;2535,33;2535,28;2535,01;2534,85;2534,89;2534,95;2535,1;2534,87;2534,56;2534,33;2534,33;2534,38;2534,15;2534,07;2533,61;2532,97;2532,49;2531,96;2531,36;2530,85;2530,26;2529,83;2529,02;2528,92;2528,59;2528,25;2528,02;2527,84;2527,99;2527,82;2527,6;2527,23;2527,02;2526,45;2526,06;2525,48;2525,03;2524,4;2523,96;2523,34;2522,79;2522,17;2521,66;2521,21;2520,79;2520,37;2519,98;2519,56;2518,99;2518,37;2517,61;2516,89;2515,97;2514,84;2513,97;2513,22;2512,56;2511,88;2511,28;2510,76;2510,42;2509,84;2509,2;2508,63;2507,82;2507,24;2506,72;2506,17;2505,26;2504,59;2503,79;2503,09;2502,77;2501,95;2500,84;2499,58;2498,09;2496,38;2494,09;2491,65;2488,25;2484,03;2479,18;2473,07;2465,16;2454,6;2440,46;2420,66
536198;1054,921;74,01;99;-18;2406,95;2435,87;2453,52;2465,09;2473,16;2479,21;2483,94;2487,59;2490,38;2492,74;2494,58;2496,2;2497,67;2499,4;2500,76;2501,83;2502,77;2503,84;2504,77;2505,52;2506,23;2506,96;2507,52;2508,48;2509,34;2510,43;2511,39;2512,45;2513,67;2514,92;2515,97;2517,18;2518,13;2519,19;2519,85;2520,65;2521,13;2521,57;2521,58;2521,66;2521,69;2521,97;2522,27;2522,73;2523,26;2524,07;2524,88;2525,51;2526,04;2526,86;2527,51;2528,32;2529,36;2530,41;2531,51;2532,21;2533,05;2533,89;2534,44;2534,64;2534,63;2534,78;2534,59;2534,55;2534,81;2535,09;2535,19;2535,54;2535,59;2535,66;2535,71;2535,83;2536,23;2536,23;2536,31;2536,49;2536,95;2537,33;2537,48;2537,66;2537,45;2537,84;2538;2538,15;2538,02;2537,68;2537,52;2537,49;2537,76;2538,03;2538,12;2538,25;2538,11;2538,04;2538,14;2538,14;2538,24;2538,43;2538,44;2538,4;2538,2;2538,36;2538,3;2538,22;2538,12;2538,12;2537,93;2537,71;2537,49;2537,31;2537,03;2536,69;2536,57;2536,46;2536,4;2536,27;2535,94;2535,49;2535,43;2535,33;2535,3;2535,06;2534,94;2534,74;2534,93;2534,87;2534,8;2534,47;2534,2;2533,98;2533,56;2533,18;2532,73;2532,11;2531,79;2531,21;2530,56;2530,19;2529,79;2529,69;2529,28;2528,9;2528,71;2528,4;2528,04;2527,87;2527,55;2527,22;2526,89;2526,64;2526,33;2526,04;2525,56;2524,98;2524,51;2524,06;2523,45;2522,93;2522,4;2521,84;2521,4;2520,84;2520,14;2519,54;2519,17;2518,53;2517,89;2517,01;2516,34;2515,64;2514,73;2513,67;2512,5;2511,67;2510,9;2510,42;2509,74;2509,02;2508,83;2508,12;2507,48;2506,51;2505,77;2505,12;2504,73;2503,94;2503,18;2502,74;2502,04;2501,28;2500,72;2499,98;2499,1;2498,23;2497,09;2495,72;2493,75;2491,65;2488,83;2485,68;2481,39;2476,4;2469,85;2462;2451,86;2438,77;2421,08
536209;1056,833;74;110;-17;2399,7;2430,17;2447,97;2459,64;2467,56;2473,16;2477,78;2481,49;2484,33;2486,23;2488,18;2490,05;2491,49;2492,84;2494,22;2495,3;2496,54;2497,9;2498,9;2499,68;2500,38;2501,62;2502,68;2503,83;2504,78;2505,79;2506,54;2508,03;2509,13;2510,52;2511,39;2512,66;2513,77;2514,74;2514,98;2515,68;2515,78;2516,17;2516,3;2516,63;2516,89;2517,21;2517,56;2518,12;2519,21;2520,1;2520,9;2521,48;2522,17;2522,8;2523,8;2524,95;2526,1;2527,05;2528,41;2529,25;2529,99;2530,5;2530,79;2530,89;2530,96;2531,4;2531,71;2531,84;2531,79;2532,08;2532,27;2532,6;2532,78;2532,73;2532,77;2532,87;2532,99;2533,05;2532,97;2533,19;2533,46;2533,81;2534,1;2534,23;2534,29;2534,68;2534,86;2534,94;2534,64;2534,23;2534,15;2534,4;2534,82;2535,14;2535,22;2535,33;2535,23;2535,04;2534,81;2535,03;2535,24;2535,33;2535,25;2535,08;2534,75;2535,01;2535,13;2534,98;2535,02;2534,93;2534,62;2534,44;2534,47;2534,24;2534,29;2533,95;2533,57;2533,39;2533,43;2533,2;2532,87;2532,74;2532,31;2532,22;2532,25;2532,49;2532,61;2532,68;2532,46;2532,31;2531,99;2532,14;2531,83;2531,39;2530,97;2530,55;2530,06;2529,42;2528,76;2527,79;2527,07;2526,6;2526,43;2526,28;2526,09;2525,65;2525,45;2525,24;2525,19;2524,97;2524,83;2524,54;2524,13;2523,53;2523,14;2522,72;2522,33;2521,71;2521,06;2520,53;2520,26;2519,73;2519,23;2518,45;2517,63;2517,17;2516,99;2516,39;2516,06;2515,16;2514,29;2513,45;2512,75;2511,81;2510,84;2509,6;2508,58;2507,81;2506,98;2506,17;2505,58;2505,14;2504,44;2503,52;2502,73;2502,03;2501,67;2501,28;2500,73;2500,06;2499,2;2498,42;2498,11;2497,61;2497,11;2496,09;2494,89;2493,63;2492,06;2490,46;2488,06;2485,21;2481,65;2477,17;2471,89;2465,33;2457,18;2446,78;2433,78;2416,7;2390,08
536210;1056,675;84;121;-11;2397,3;2427,32;2444,86;2456,29;2464,11;2470,15;2474,48;2477,95;2480,47;2482,56;2484,35;2486,4;2488,14;2489,68;2491,17;2492,55;2493,83;2495,2;2496,34;2497,34;2498,76;2499,77;2500,91;2502,05;2503,42;2504,62;2505,89;2507,42;2508,74;2509,84;2511,18;2512,45;2513,6;2514,43;2514,86;2515,73;2516,2;2516,56;2516,7;2516,97;2517,26;2517,38;2517,89;2518,04;2518,61;2518,92;2519,61;2520,2;2521,02;2522,03;2523,01;2524,03;2525;2525,97;2527,13;2528,03;2528,73;2529,41;2529,77;2530,29;2530,48;2531,04;2531,21;2531,64;2531,91;2532,17;2532,44;2532,61;2532,54;2532,42;2532,63;2532,74;2532,83;2532,82;2532,69;2533,27;2533,56;2533,94;2534,13;2534,36;2534,62;2534,82;2534,66;2534,6;2534,62;2534,74;2534,8;2534,94;2535,14;2535,25;2535,26;2535,58;2535,31;2535,29;2535,28;2535,23;2535,04;2535,23;2535,28;2535,3;2535,09;2535,18;2535,34;2535,34;2535,36;2535,45;2535,37;2535,14;2535,02;2534,68;2534,7;2534,67;2534,6;2534,4;2534,12;2533,6;2533,19;2532,79;2532,37;2532,32;2532,32;2532,23;2532,48;2532,69;2532,82;2532,75;2532,75;2532,9;2532,42;2531,83;2531,52;2531,06;2530,36;2529,78;2529,16;2528,78;2528,12;2527,69;2527,49;2527,16;2526,84;2526,47;2525,97;2525,55;2525,14;2524,72;2524,42;2524,09;2523,82;2523,47;2523,13;2522,93;2522,44;2521,82;2521,34;2520,92;2520,51;2519,87;2519,38;2518,88;2518,28;2517,84;2517,24;2516,39;2515,49;2514,74;2513,91;2513,1;2512,26;2511,58;2510,4;2509,33;2508,39;2507,8;2507,13;2506,41;2505,6;2504,82;2504,27;2503,51;2503,09;2502,55;2501,95;2501,7;2501,35;2500,61;2499,88;2498,98;2498,26;2496,96;2495,6;2494,05;2492,37;2490,65;2488,8;2486,52;2484,05;2481,44;2478,42;2474,43;2469,36;2463,24;2455,17;2444,56;2431,09;2413,06;2385,89
536208;1057,681;84;121;-30;2389,71;2420,35;2439,76;2453,54;2464,02;2472,69;2480,2;2485,63;2490,18;2493,59;2496,08;2498,21;2499,91;2501,04;2502,22;2502,91;2503,79;2504,5;2505,5;2506,27;2507,23;2508,25;2509,07;2509,85;2510,72;2511,47;2512,32;2513,17;2514,1;2515,03;2515,98;2516,92;2517,99;2519,01;2520,1;2521,45;2522,32;2523,14;2523,43;2523,61;2523,64;2523,73;2523,99;2524,24;2524,45;2524,91;2525,37;2525,9;2526,34;2526,51;2526,87;2527,38;2528,07;2528,88;2529,7;2530,65;2531,85;2533,04;2534,17;2535,14;2535,96;2536,31;2536,28;2536,37;2536,45;2536,35;2536,5;2536,78;2537,01;2537,06;2536,93;2537,16;2537,4;2537,27;2537,27;2537,26;2537,12;2537,25;2537,51;2538,01;2538,07;2538,51;2538,63;2538,8;2538,8;2538,79;2538,93;2538,85;2538,74;2538,75;2538,57;2538,69;2538,57;2538,78;2539,07;2539;2539,17;2539,04;2538,96;2538,62;2538,56;2538,31;2538,39;2538,2;2538,16;2537,93;2537,51;2537,07;2536,92;2536,95;2536,93;2536,91;2536,63;2536,32;2536,22;2536,09;2535,95;2535,47;2535,21;2535,05;2534,66;2534,29;2534,07;2534,09;2534,02;2534,01;2533,78;2533,61;2533,68;2533,95;2533,73;2533,5;2533,17;2532,83;2532,3;2531,54;2530,83;2530,34;2529,66;2529,01;2528,55;2528,43;2528,33;2528,08;2527,71;2527,62;2527,54;2527,38;2527,33;2526,76;2526,31;2525,66;2524,93;2524,47;2523,99;2523,67;2523,09;2522,52;2521,79;2521,13;2520,45;2519,88;2519,14;2518,37;2517,72;2517,17;2516,56;2515,68;2515,13;2514,27;2512,95;2511,29;2510,01;2508,88;2508,37;2507,81;2507,14;2506,9;2506,36;2506,05;2505,51;2504,87;2503,98;2503,12;2502,52;2501,48;2500,71;2499,71;2498,69;2497,54;2496,64;2495,39;2493,81;2492,15;2490,28;2488,37;2485,78;2482,76;2478,96;2474,6;2469,52;2463,17;2455,74;2445,91;2433,1;2416,06;2388,81
536212;1053,204;84;121;-7;2388,44;2421,05;2440,19;2452,87;2462,05;2468,76;2473,64;2477,27;2480,11;2482,57;2485,14;2487,34;2489,54;2491,43;2492,92;2494,61;2495,91;2497,06;2498,17;2499,25;2500,68;2502,19;2503,41;2504,9;2506,01;2507,12;2508,61;2510,18;2511,6;2512,99;2513,98;2515,05;2516,31;2517,2;2517,67;2518,29;2518,83;2519,52;2519,98;2520,13;2520,14;2520,17;2520,31;2520,67;2521,1;2521,62;2521,96;2522,69;2523,68;2524,86;2525,76;2526,92;2527,91;2528,8;2529,99;2530,9;2531,66;2532,22;2532,77;2533,31;2533,89;2534,37;2534,71;2535,03;2535,2;2535,55;2535,37;2535,39;2535,28;2535,08;2535,37;2535,45;2535,32;2535,31;2535,34;2535,51;2535,66;2535,79;2535,91;2536,1;2536,46;2536,83;2536,95;2536,97;2537,08;2537,12;2537,56;2537,86;2538,12;2538,09;2537,96;2537,76;2537,6;2537,62;2538,1;2538,26;2538,12;2537,76;2537,64;2537,74;2537,8;2538,34;2538,48;2538,4;2538,23;2538,1;2537,94;2537,99;2537,64;2537,57;2537,21;2536,69;2536,17;2535,55;2535,26;2534,98;2534,44;2534,21;2533,74;2533,66;2533,83;2534,16;2534,35;2534,4;2534,49;2534,41;2534,39;2534,64;2534,62;2534,46;2533,85;2533,03;2532,36;2531,65;2531,22;2530,76;2530,66;2530,41;2530,23;2530,11;2529,9;2529,41;2529,05;2528,71;2528,51;2528,5;2528,2;2527,92;2527,51;2527,28;2526,76;2526,42;2526,06;2525,68;2525,11;2524,35;2523,61;2522,88;2522,39;2522,08;2521,7;2521,05;2520,28;2519,3;2518,42;2517,7;2516,86;2516,45;2515,68;2514,76;2513,81;2512,65;2511,87;2511,27;2510,78;2510,25;2509,85;2509,33;2508,52;2508,11;2507,83;2507,31;2506,86;2505,93;2505;2504,2;2503,3;2502,44;2501,42;2499,98;2498,52;2496,95;2495,26;2493,55;2491,77;2489,41;2486,79;2483,59;2479,94;2475,36;2469,49;2461,91;2452,76;2441,21;2426,73;2407,76;2379,73
536213;1057,752;84;121,01;-8;2393,04;2425,06;2444,16;2456,57;2465,32;2471,5;2475,98;2478,95;2481,16;2482,94;2484,45;2485,98;2487,57;2488,78;2490,2;2491,41;2492,43;2493,47;2494,6;2495,58;2496,73;2498,04;2499,39;2501;2502,47;2503,87;2505,14;2506,53;2508,07;2509,61;2511,03;2512,27;2513,34;2514,08;2514,33;2514,77;2515,24;2515,32;2515,54;2515,6;2515,76;2515,95;2516,36;2516,6;2517,25;2517,62;2517,95;2518,54;2519,38;2520,46;2521,58;2522,64;2523,79;2524,79;2525,84;2526,82;2527,7;2528,34;2528,92;2529,28;2529,64;2530,06;2530,33;2530,74;2531,36;2531,59;2531,77;2531,61;2531,32;2531,28;2531,12;2531,03;2531,13;2530,94;2531,21;2531,57;2531,78;2531,93;2532,18;2532,6;2532,78;2532,98;2532,91;2532,73;2532,62;2532,72;2532,9;2533,21;2533,48;2533,56;2533,51;2533,55;2533,26;2533,17;2533,39;2533,36;2533,35;2533,13;2532,88;2533,02;2533,15;2533,45;2533,51;2533,65;2533,51;2533,46;2533,34;2533,51;2533,35;2533,32;2532,79;2532,57;2532,25;2531,84;2531,32;2531,02;2530,63;2530,23;2530,05;2529,95;2530,06;2530,27;2530,46;2530,73;2530,53;2530,45;2530,3;2530,25;2529,87;2529,51;2529,05;2528,55;2528,04;2527,32;2526,81;2526,59;2526,04;2525,74;2525,85;2525,56;2525,42;2525,29;2524,96;2524,86;2524,68;2524,71;2524,44;2524,16;2523,79;2523,32;2522,75;2522,29;2522,01;2521,48;2520,89;2520,35;2519,61;2518,95;2518,46;2517,98;2517,47;2516,86;2515,99;2515,21;2514,38;2513,5;2512,79;2512,06;2511,11;2510,23;2508,95;2507,91;2507,16;2506,32;2505,69;2505,1;2504,42;2503,76;2503,25;2502,98;2502,68;2502,43;2502,12;2501,32;2500,57;2499,88;2498,89;2498,08;2497,15;2495,83;2494,44;2492,8;2491,21;2489,37;2487,57;2485,39;2482,62;2479,75;2476,43;2472;2466,45;2459,37;2450,28;2438,69;2424,1;2404,89;2376,19
536211;1057,036;84;121;-24;2390,61;2422,01;2442,97;2458,18;2469,54;2478,55;2485,43;2490,59;2494,19;2496,53;2498,11;2499,39;2500,28;2501,04;2501,49;2502,39;2503,29;2504,11;2504,99;2505,94;2506,83;2507,95;2508,84;2509,83;2510,74;2511,94;2512,89;2513,93;2515,11;2516,49;2517,85;2518,87;2519,92;2520,93;2521,72;2522,49;2523,08;2523,67;2524;2523,97;2523,89;2524,08;2524,26;2524,71;2525,02;2525,48;2525,88;2526,09;2526,73;2527,24;2528,01;2528,8;2529,6;2530,61;2531,66;2532,77;2533,92;2534,85;2535,74;2536,35;2536,7;2536,85;2536,95;2537,24;2537,45;2537,79;2538;2538,25;2538,09;2538,47;2538,66;2538,88;2538,62;2538,4;2538,56;2538,67;2538,77;2538,79;2538,91;2539,28;2539,75;2540,25;2540,24;2540,08;2539,95;2539,78;2539,74;2539,68;2539,61;2539,82;2539,97;2539,95;2539,98;2540,12;2540,07;2540,25;2540,23;2540,22;2539,97;2539,69;2539,76;2539,73;2539,89;2539,57;2539,15;2538,9;2538,82;2538,79;2538,56;2538,36;2538,32;2538,28;2537,96;2537,57;2537,18;2537,04;2537,13;2536,57;2536,16;2535,99;2535,67;2535,31;2534,95;2534,81;2534,55;2534,62;2534,58;2534,72;2534,55;2534,43;2534,15;2533,98;2533,43;2532,84;2532,51;2531,8;2531,11;2530,69;2530,17;2529,63;2529,01;2528,64;2528,33;2528,1;2527,82;2527,45;2527,36;2526,78;2526,41;2525,78;2525,31;2524,87;2524,21;2523,99;2523,42;2522,73;2521,95;2521,47;2520,83;2520,07;2519,6;2519,2;2518,62;2517,94;2517,54;2516,91;2516,25;2515,41;2514,55;2513,66;2512,18;2510,8;2509,61;2508,86;2508,22;2507,59;2507,07;2506,61;2505,97;2505,33;2504,72;2504,32;2503,69;2502,71;2501,91;2501,11;2500,45;2499,61;2498,43;2497,12;2495,76;2494,41;2492,92;2491,5;2489,63;2487,63;2485,14;2482,32;2478,8;2474,38;2468,94;2462,39;2454,41;2444,3;2431,22;2413,53;2385,48
536216;1049,049;84,01;121;-5;2400,42;2433,65;2452,77;2465,35;2474,53;2480,86;2485,47;2489,06;2491,91;2494,24;2496,3;2498,09;2499,97;2501,37;2502,97;2504,03;2505,25;2506,58;2507,87;2509,19;2510,43;2511,63;2512,78;2513,96;2515,2;2516,61;2517,97;2519,45;2520,93;2522,24;2523,79;2524,94;2526,08;2526,97;2527,74;2528,43;2528,79;2529,38;2529,59;2529,62;2529,75;2529,97;2530,33;2530,56;2531,08;2531,65;2532,28;2533,16;2534,13;2535,08;2536,24;2537,07;2537,87;2538,83;2539,7;2540,54;2541,49;2542,35;2543,11;2543,69;2544,23;2544,7;2545,13;2545,33;2545,73;2545,84;2545,77;2545,58;2545,75;2545,83;2545,95;2546,02;2546,09;2546,46;2546,68;2547,13;2547,32;2547,65;2548,03;2548,5;2548,96;2549,16;2549,47;2549,48;2549,65;2549,66;2549,6;2549,76;2549,99;2549,76;2549,79;2549,86;2549,73;2549,87;2549,76;2549,63;2549,48;2549,62;2550,02;2550,18;2550,57;2550,57;2550,57;2550,57;2550,54;2550,14;2549,89;2549,53;2549,27;2548,84;2548,35;2548,07;2547,79;2547,37;2547,01;2546,63;2546,38;2546,01;2545,89;2545,98;2546,43;2546,81;2547;2547,11;2547,3;2547,45;2547,65;2547,58;2547,32;2546,92;2546,41;2545,74;2544,93;2544,46;2544,21;2543,71;2543,4;2543,13;2543,07;2542,78;2542,56;2542,12;2541,67;2541,34;2541,08;2541,15;2540,84;2540,5;2540,13;2539,84;2539,26;2538,9;2538,25;2537,55;2536,73;2535,87;2535,52;2535,02;2534,46;2533,97;2533,25;2532,51;2531,61;2530,76;2529,75;2528,82;2528,11;2527,03;2526,28;2525,67;2524,79;2523,99;2523,08;2522,37;2521,51;2521,01;2520,73;2520,16;2519,59;2519,07;2518,75;2518;2517,3;2516,43;2515,78;2515,29;2514,49;2513,47;2512,43;2510,93;2509,71;2508,13;2506,66;2505,04;2503,06;2501,17;2498,81;2495,69;2491,99;2486,97;2480,66;2472,81;2463,23;2451,28;2435,66;2415,6;2386,53
536217;1055,206;84;121;-32;2380,87;2413,9;2434,95;2449,98;2461,9;2471,07;2478,06;2483,16;2486,86;2489,4;2491,12;2492,29;2492,88;2493,36;2493,96;2494,59;2495,24;2495,97;2496,8;2497,77;2498,66;2499,7;2500,84;2501,69;2502,57;2503,48;2504,77;2505,82;2507,01;2508,18;2509,43;2510,45;2511,43;2512,64;2513,53;2514,5;2515,08;2515,62;2515,8;2515,7;2515,74;2515,48;2515,76;2516,08;2516,4;2517;2517,36;2518,04;2518,26;2518,79;2519,31;2519,88;2520,71;2521,56;2522,5;2523,53;2524,64;2525,69;2526,69;2527,26;2527,6;2527,68;2527,79;2527,71;2527,83;2527,99;2528,2;2528,28;2528,56;2528,67;2528,74;2528,67;2528,5;2528,45;2528,55;2528,44;2528,53;2528,81;2529,13;2529,2;2529,54;2529,77;2529,97;2529,96;2529,91;2529,79;2529,71;2529,49;2529,41;2529,35;2529,43;2529,36;2529,36;2529,41;2529,48;2529,52;2529,73;2530,13;2529,85;2529,86;2529,94;2529,9;2529,64;2529,43;2528,92;2528,72;2528,25;2527,89;2527,88;2527,87;2527,94;2528,06;2527,88;2527,65;2527,27;2527,04;2526,75;2526,5;2526,25;2525,94;2525,67;2525,53;2525,31;2525,35;2525,4;2525,47;2525,47;2525,64;2525,61;2525,53;2525,29;2524,8;2524,3;2523,72;2523,21;2522,43;2522;2521,54;2521,08;2520,56;2520,21;2519,95;2519,68;2519,45;2518,88;2518,65;2518,38;2518,27;2517,79;2517,35;2516,99;2516,41;2515,82;2515,23;2514,61;2513,93;2513,23;2512,41;2511,58;2510,72;2509,98;2509,2;2508,43;2507,64;2507,04;2506,16;2505,56;2504,74;2503,94;2503,2;2502,11;2500,51;2499,76;2498,71;2498,31;2497,85;2497,24;2496,67;2496,2;2495,6;2495,15;2494,21;2493,43;2492,75;2491,77;2490,77;2489,79;2488,97;2487,82;2486,79;2485,45;2483,78;2481,95;2479,93;2477,41;2474,95;2471,79;2468,86;2465,47;2461,44;2456,61;2450,65;2443,13;2433,57;2421,03;2404,21;2378,53
536214;1056,703;94;132;-28;2372,81;2406,58;2428,99;2445,14;2457,75;2467,85;2476,03;2482,27;2486,9;2490,46;2493,07;2494,88;2496,12;2496,75;2497,43;2497,8;2498,59;2499,21;2500,22;2500,99;2501,88;2502,89;2503,93;2505,03;2506,16;2507,46;2508,74;2510,12;2511,35;2512,93;2514,27;2515,39;2516,69;2517,86;2518,8;2519,33;2519,8;2520,23;2520,44;2520,39;2520,47;2520,64;2521,01;2521,24;2521,58;2521,98;2522,66;2522,89;2523,28;2523,77;2524,35;2525,12;2526,02;2526,91;2527,96;2529,44;2530,55;2531,48;2532,37;2533,09;2533,59;2533,86;2534,27;2534,5;2534,81;2535,19;2535,45;2535,49;2535,37;2535,31;2535,36;2535,39;2535,23;2535,25;2535,17;2535,13;2535,3;2535,61;2535,73;2536;2536,2;2536,28;2536,54;2536,58;2536,66;2536,48;2536,48;2536,46;2536,57;2536,89;2536,82;2536,65;2536,53;2536,64;2536,55;2536,62;2536,72;2536,62;2536,65;2536,56;2536,73;2536,89;2536,76;2536,75;2536,59;2536,14;2535,85;2535,53;2535,59;2535,48;2535,56;2535,34;2535,1;2534,85;2534,41;2534,05;2533,94;2533,53;2533,45;2533,06;2532,72;2532,62;2532,57;2532,39;2532,18;2532,32;2532,34;2532,33;2532,46;2532,45;2532,43;2532,2;2532,04;2531,55;2530,92;2530,47;2529,67;2529,24;2528,67;2528,23;2527,92;2527,47;2527,21;2526,99;2526,84;2526,59;2526,37;2526,12;2525,75;2525,34;2525;2524,43;2523,78;2523,31;2522,76;2522,37;2521,78;2521;2520,39;2519,92;2519,16;2518,48;2518,12;2517,53;2516,81;2516,23;2515,6;2514,92;2514,4;2513,35;2512,04;2510,71;2509,68;2508,91;2508,32;2507,97;2507,42;2506,76;2506,09;2505,49;2505,04;2504,39;2503,82;2502,92;2501,99;2501,17;2500,31;2499,38;2498,35;2497,05;2495,67;2494,01;2492,48;2490,43;2488,26;2485,8;2482,84;2479,65;2475,59;2470,91;2465,35;2458,65;2450,58;2440,1;2426,57;2408,68;2380,61
536199;1053,994;94;132;-10;2381,39;2416,45;2438,52;2453,59;2464,24;2471,83;2477,2;2480,92;2483,46;2485,22;2486,71;2487,84;2488,8;2489,96;2490,93;2492,14;2493,18;2494,53;2495,74;2497,02;2498,48;2499,73;2501,15;2502,57;2504,03;2505,74;2507,1;2508,54;2510,12;2511,34;2512,58;2513,67;2514,54;2515,36;2515,78;2516,34;2516,71;2517,09;2517,03;2516,97;2517,13;2517,41;2517,92;2518,12;2518,47;2518,93;2519,71;2520,7;2521,39;2522,27;2523,38;2524,61;2525,54;2526,73;2527,71;2528,83;2530,01;2530,97;2531,69;2532,38;2532,69;2532,86;2533,35;2533,65;2533,99;2534,04;2534,2;2534,26;2533,98;2534,03;2534,07;2533,89;2534,06;2534,27;2534,41;2534,56;2534,76;2535,01;2535,42;2535,66;2535,89;2535,95;2535,96;2536,17;2536,37;2536,56;2536,81;2536,81;2537;2537,13;2537,23;2537,67;2537,81;2537,81;2537,79;2537,65;2537,38;2537,09;2537,39;2537,64;2537,86;2538,28;2538,07;2538,13;2537,98;2537,97;2537,7;2537,14;2536,77;2536,37;2536,33;2535,98;2535,83;2535,65;2535,37;2535,03;2534,42;2534,13;2533,82;2533,59;2533,73;2533,78;2533,91;2534,14;2534,39;2534,66;2534,81;2534,86;2534,8;2534,6;2534,15;2533,54;2532,86;2532,29;2531,65;2531,14;2530,97;2530,64;2530,33;2530,03;2529,71;2529,74;2528,95;2528,57;2528,35;2528;2527,97;2527,7;2527,24;2526,91;2526,4;2526,08;2525,63;2525,12;2524,52;2523,76;2523,13;2522,3;2521,71;2521,18;2520,61;2520,18;2519,46;2518,58;2518,11;2517,37;2516,71;2515,96;2515,06;2514,28;2513,34;2512,28;2511,55;2510,95;2510,47;2509,95;2509,37;2509,07;2508,74;2508,06;2507,56;2507,22;2506,82;2506,31;2505,81;2504,9;2503,87;2502,68;2501,49;2499,85;2498,14;2496,79;2495,28;2493,48;2491,43;2489,24;2486,83;2483,6;2479,54;2474,66;2468,27;2460,02;2449,74;2436,91;2421,1;2400,19;2369,77
536219;1054,559;94;132;-4;2382,46;2418,23;2439,91;2454,17;2464,04;2470,44;2474,77;2477,56;2479,32;2481,06;2482,42;2483,77;2485,03;2486,4;2487,68;2489,13;2490,5;2491,96;2493,25;2494,58;2495,94;2497,61;2499,23;2500,97;2502,59;2504,32;2505,78;2507,25;2508,58;2509,85;2511,15;2512,21;2512,91;2513,48;2513,81;2514,37;2515,13;2515,46;2515,34;2515,54;2515,42;2515,61;2515,87;2516,24;2516,41;2516,83;2517,46;2518,3;2519,25;2520,77;2521,68;2522,84;2523,81;2524,54;2525,4;2526,41;2527,5;2528,39;2529,24;2529,72;2530,07;2530,45;2530,63;2531,06;2531,03;2531,03;2531,2;2531,17;2530,87;2530,67;2530,41;2530,37;2530,69;2531,14;2531,54;2531,76;2531,89;2532,14;2532,44;2533,16;2533,58;2533,52;2533,47;2533,62;2533,85;2534,25;2534,38;2534,42;2534,19;2534,04;2534,05;2534,39;2534,5;2534,83;2534,62;2534,2;2533,77;2533,77;2534,17;2534,91;2535,21;2535,58;2535,64;2535,47;2535,4;2534,84;2534,72;2534,17;2534,02;2533,67;2533,35;2533,16;2532,72;2532,35;2531,93;2531,32;2530,97;2530,56;2530,65;2530,56;2530,36;2530,38;2530,67;2531,06;2531,4;2531,79;2532,07;2532,21;2531,97;2531,48;2530,84;2530,25;2529,23;2528,71;2528,38;2528,1;2527,97;2527,42;2527,17;2526,83;2526,47;2526,19;2525,84;2525,51;2525,43;2525,41;2525,24;2524,8;2524,23;2523,45;2523,14;2523,09;2522,9;2522,25;2521,46;2520,61;2520,05;2519,46;2519,05;2518,52;2517,61;2516,47;2515,72;2514,64;2514,11;2513,28;2512,79;2511,95;2511,73;2510,93;2510,23;2509,4;2508,88;2508,61;2508,26;2507,65;2506,86;2506,39;2505,81;2505,56;2504,92;2504,21;2503,56;2502,91;2502,3;2501,47;2500,52;2499,21;2498,08;2496,52;2495,1;2493,88;2492,27;2490,7;2489,03;2487,23;2485,06;2482;2477,6;2471,48;2463,93;2454,85;2443,64;2430;2412,97;2391,25;2360,66
536220;1054,443;94;132;-22;2372,15;2408,34;2432,01;2448,89;2462,2;2472,14;2479,53;2484,8;2488,39;2490,38;2491,56;2492,38;2492,83;2493,41;2493,88;2494,56;2495,26;2496;2497,02;2498,42;2499,55;2500,72;2502,14;2503,66;2505,05;2506,42;2507,85;2509,29;2510,93;2512,44;2513,72;2515,13;2516,1;2516,89;2517,36;2517,89;2518,5;2518,73;2518,58;2518,8;2518,89;2519,2;2519,32;2519,76;2519,94;2520,31;2520,93;2521,47;2521,79;2522,23;2523,14;2524,3;2525,29;2526,74;2527,82;2529,21;2530,04;2530,75;2531,56;2532,2;2532,52;2532,68;2532,8;2533,07;2533,45;2533,53;2533,65;2533,49;2533,64;2533,48;2533,26;2533,06;2532,74;2532,74;2532,82;2532,87;2533,09;2533,46;2533,73;2534,09;2534,37;2534,49;2534,53;2534,53;2534,58;2534,47;2534,53;2534,8;2534,85;2535,26;2535,43;2535,35;2535,26;2535,24;2535,25;2535,45;2535,67;2535,79;2535,75;2535,51;2535,23;2535,23;2535,15;2535,29;2535,21;2534,99;2534,61;2534,43;2533,88;2533,48;2533,16;2532,91;2532,53;2532,25;2531,89;2531,5;2531,26;2530,86;2530,46;2530,25;2530,2;2530,23;2530,11;2530,04;2530,36;2530,59;2530,69;2530,79;2531;2530,75;2530,38;2530,02;2529,4;2528,73;2528,05;2527,33;2526,6;2526,22;2526,03;2525,73;2525,5;2525,27;2524,9;2524,64;2524,49;2524,27;2523,77;2523,13;2522,7;2522,05;2521,5;2520,83;2520,36;2519,55;2519,06;2518,45;2517,81;2517,23;2516,66;2516,03;2515,71;2515,33;2514,9;2514,32;2513,55;2512,7;2511,78;2510,98;2510,43;2509,46;2508,56;2507,62;2506,67;2505,95;2505,55;2504,77;2504,29;2503,49;2502,82;2502,03;2501,45;2500,84;2500,27;2499,43;2498,95;2498,22;2497,02;2495,76;2494,46;2492,97;2491,52;2489,62;2487,63;2485,67;2483,66;2481,18;2478,44;2475,36;2471,94;2467,65;2462,2;2455,48;2446,96;2435,88;2421,66;2402,5;2374,28
536218;1053,255;104;142;-24;2363,59;2400,15;2424,56;2442,54;2456,89;2468,13;2477,18;2483,86;2489,45;2493,95;2497,04;2499,09;2500,06;2500,65;2500,97;2501,31;2501,97;2502,88;2503,73;2504,96;2506,3;2507,5;2508,79;2510,03;2511,22;2512,52;2513,94;2515,29;2516,88;2518,36;2519,67;2521,18;2522,3;2523,4;2524,23;2525;2525,23;2525,56;2525,68;2525,49;2525,36;2525,59;2525,63;2525,84;2526,3;2526,79;2527,06;2527,31;2527,76;2528,45;2529,04;2529,93;2530,58;2531,51;2532,58;2533,94;2535,22;2536,22;2536,82;2537,54;2537,84;2538,16;2538,42;2538,89;2539,29;2539,78;2539,86;2539,81;2539,65;2539,65;2539,61;2539,25;2538,83;2538,47;2538,41;2538,98;2539,38;2539,42;2539,61;2539,98;2540,28;2540,28;2540,32;2540,36;2540,48;2540,2;2540,25;2540,48;2540,45;2540,65;2541,09;2541,53;2541,71;2541,98;2541,97;2541,76;2541,79;2541,65;2541,63;2541,6;2541,03;2540,88;2540,6;2540,09;2540,03;2540;2540,15;2539,92;2539,75;2539,4;2539,06;2538,86;2538,5;2538,23;2538,01;2537,66;2537,63;2537,38;2537,03;2536,76;2536,3;2536,13;2536,09;2536,25;2536,15;2536,13;2536,15;2536,24;2536,44;2536,66;2536,54;2536,48;2536,25;2535,89;2535,37;2534,94;2534,36;2533,83;2533,36;2532,83;2532,32;2532,11;2532,03;2531,83;2531,44;2531,04;2530,71;2530,39;2529,94;2529,53;2528,91;2528,48;2527,99;2527,72;2527,05;2526,5;2525,95;2525,35;2524,68;2524,04;2523,36;2522,73;2521,96;2521,22;2520,6;2519,95;2519,23;2518,6;2517,59;2516,77;2515,53;2514,1;2513,4;2512,59;2511,85;2511,23;2510,8;2510,17;2509,7;2509,11;2508,56;2507,96;2507,16;2506,54;2505,64;2505,04;2504,3;2503,25;2502,06;2500,5;2498,76;2497,07;2495,43;2493,76;2491,61;2489,39;2486,71;2483,41;2479,3;2474,08;2467,83;2460,03;2450,57;2438,52;2422,9;2402,53;2372,77
536200;1055,247;104;142;-18;2318,56;2364,48;2400,39;2424,34;2441,9;2455,18;2465,7;2473,83;2480,13;2484,65;2487,71;2489,75;2491,04;2491,82;2492,2;2492,48;2492,85;2493,39;2494,13;2495,08;2496,28;2497,65;2499;2500,42;2501,79;2503,12;2504,69;2506,07;2507,4;2508,79;2510,2;2511,63;2513,01;2514,22;2515,22;2515,98;2516,64;2517,05;2517,11;2517;2516,95;2517,03;2517,23;2517,58;2517,86;2518,14;2518,6;2518,87;2519,37;2520;2520,53;2521,14;2522,22;2523,23;2524,48;2525,78;2526,81;2528,07;2528,99;2530,2;2530,99;2531,49;2531,88;2532,21;2532,46;2532,61;2532,82;2533,07;2533,29;2533,34;2533,11;2532,87;2532,64;2532,68;2532,64;2532,64;2532,81;2533,43;2533,83;2534,16;2534,23;2534,63;2535,05;2535,31;2535,57;2535,79;2535,98;2536,12;2536,33;2536,37;2536,5;2536,68;2537,07;2536,89;2536,78;2536,76;2536,69;2536,74;2536,43;2536,33;2536,31;2536,29;2536,38;2536,59;2536,58;2536,47;2536,3;2536,16;2535,75;2535,56;2535,32;2534,71;2534,15;2533,81;2533,16;2532,61;2532,06;2531,56;2531,07;2530,83;2530,67;2530,81;2530,94;2530,87;2531,12;2531,37;2531,56;2531,84;2531,91;2532,23;2532,01;2531,95;2531,51;2530,85;2530,52;2529,95;2529,31;2528,96;2528,69;2528,44;2527,96;2527,88;2527,58;2527,18;2526,85;2526,57;2526,31;2526,08;2525,67;2525,43;2525,09;2524,63;2524,41;2523,78;2523,21;2522,54;2521,87;2521,15;2520,6;2520,07;2519,23;2518,51;2517,88;2517,18;2516,46;2515,68;2514,93;2514,17;2513,34;2512,51;2511,55;2510,33;2509,53;2508,96;2508,32;2507,71;2506,93;2506,5;2506,01;2505,75;2505,14;2504,6;2504,29;2503,63;2502,82;2501,86;2501,06;2499,71;2498,59;2497,1;2495,62;2493,77;2492,15;2490,51;2488,41;2486,22;2483,68;2480,55;2476,7;2471,4;2465,23;2457,48;2447,54;2435,05;2419,28;2398,33;2368,72
536222;1057,26;104;142;-15;2360,4;2397,12;2421,21;2438,44;2451,69;2462,22;2470,83;2477,2;2481,63;2484,36;2485,97;2487,14;2487,85;2488,35;2488,87;2489,47;2490,05;2491,14;2492,06;2493,09;2494,45;2495,86;2497,5;2498,97;2500,61;2502,06;2503,63;2505,2;2506,77;2508,17;2509,39;2510,7;2512,03;2513,02;2513,51;2514,01;2514,11;2514,36;2514,46;2514,55;2515,04;2515,3;2515,71;2515,89;2516,3;2516,54;2517;2517,41;2518,09;2518,72;2519,43;2520,32;2521,4;2522,53;2523,56;2524,68;2525,71;2526,71;2527,79;2528,46;2528,99;2529,64;2530,14;2530,52;2530,95;2531,19;2531,34;2530,99;2530,8;2530,42;2530,09;2529,83;2529,75;2529,71;2529,63;2529,99;2530,22;2530,59;2530,82;2531,22;2531,42;2531,73;2532,06;2532,13;2532,21;2532,36;2532,46;2532,5;2532,74;2533,23;2533,18;2533,21;2532,97;2532,66;2532,41;2532,42;2532,68;2532,59;2532,64;2532,35;2531,9;2531,73;2531,69;2531,76;2531,81;2531,55;2531,46;2530,92;2530,89;2530,64;2530,21;2529,67;2529,27;2529;2528,74;2528,27;2527,9;2527,42;2526,95;2526,82;2526,62;2526,56;2526,85;2527;2527,08;2527,25;2527,61;2527,88;2528,09;2528,13;2527,78;2527,54;2527,07;2526,63;2526,23;2525,41;2524,98;2524,51;2524,5;2524,23;2524,11;2523,6;2522,86;2522,39;2521,94;2521,77;2521,31;2521,07;2520,74;2520,38;2519,97;2519,57;2519,05;2518,56;2518,08;2517,47;2516,84;2516,47;2515,66;2515,03;2514,35;2513,52;2512,77;2512;2511,11;2510,35;2509,58;2508,82;2508,14;2507,26;2506,42;2505,52;2504,82;2504,26;2503,59;2503,28;2502,57;2501,94;2501,25;2500,76;2500,18;2499,77;2499,33;2498,61;2497,73;2496,79;2495,67;2494,44;2493,09;2491,48;2489,93;2488,19;2486,6;2485;2483,28;2481,18;2478,57;2475,41;2471,4;2466,33;2460,17;2452,56;2442,67;2430,21;2414,19;2392,98;2363,47
536223;1058,122;104;142;-30;2346,72;2384,28;2410,15;2429,56;2445,19;2457,41;2466,96;2474,65;2480,29;2484,54;2487,42;2489,22;2490,2;2490,66;2490,83;2490,74;2490,76;2490,82;2491,34;2492,41;2493,45;2494,44;2495,51;2496,78;2498,26;2499,48;2500,9;2502,49;2503,74;2505,44;2506,89;2508,12;2509,59;2510,56;2511,57;2512,16;2512,75;2513,07;2512,89;2512,72;2512,8;2512,72;2512,8;2512,97;2513,27;2513,73;2514,18;2514,55;2515,15;2515,54;2515,99;2516,62;2517,76;2518,75;2519,97;2521,36;2522,81;2523,85;2524,65;2525,2;2525,29;2525,46;2525,53;2525,84;2526,25;2526,55;2526,94;2527,35;2527,58;2527,56;2527,43;2527;2526,8;2526,71;2526,73;2526,63;2526,61;2527,03;2527,43;2527,63;2527,93;2528,05;2528,18;2528,13;2528,16;2528,1;2527,9;2527,95;2527,93;2528,06;2528,4;2528,74;2528,9;2528,59;2528,55;2528,52;2528,72;2528,71;2528,73;2528,93;2528,78;2528,51;2528,23;2527,69;2527,45;2527,15;2526,95;2526,59;2526,4;2525,85;2525,74;2525,37;2524,86;2524,33;2523,92;2523,44;2522,89;2522,75;2522,1;2521,92;2521,7;2521,27;2521,07;2520,9;2520,94;2520,87;2520,85;2520,99;2521,17;2521,23;2521,36;2521,17;2520,81;2520,24;2519,52;2518,83;2518,12;2517,42;2517,24;2516,8;2516,65;2516,73;2516,63;2516,3;2515,97;2515,65;2515,35;2515,1;2514,66;2514,22;2513,92;2513,31;2512,76;2512,28;2511,78;2511,08;2510,45;2509,61;2508,68;2508,17;2507,49;2506,74;2505,89;2505,19;2504,52;2503,86;2503,2;2502,15;2501,12;2500,38;2499,11;2497,63;2496,57;2495,54;2494,92;2494,25;2493,45;2492,77;2492;2491,29;2490,53;2489,75;2488,93;2488,21;2487,5;2486,69;2485,65;2484,49;2483,1;2481,43;2479,99;2478,18;2476,04;2473,93;2471,48;2469,2;2466,58;2463,38;2459,6;2454,98;2449,28;2442,29;2433,6;2423,13;2409,37;2391,02;2363,44
536221;1055,752;104;142;-19;2361,07;2398,77;2424,55;2443,46;2457,8;2468,91;2477,3;2483,68;2488,57;2491,94;2493,95;2495,07;2495,92;2496,19;2496,36;2496,68;2497,43;2498,52;2499,88;2501,09;2502,43;2503,69;2505,13;2506,59;2508,24;2509,86;2511,67;2513,21;2514,76;2516,47;2517,66;2518,95;2520,22;2521,03;2521,72;2522,23;2522,66;2522,95;2522,95;2523,04;2523,18;2523,6;2523,89;2524,17;2524,46;2524,86;2525,1;2525,27;2525,6;2525,78;2526;2526,83;2527,82;2529,07;2530,41;2531,71;2532,9;2533,65;2534,18;2534,98;2535,68;2535,98;2536,31;2536,58;2536,94;2537,23;2537,23;2537,3;2537,22;2536,99;2536,94;2536,59;2536,21;2535,82;2535,79;2535,79;2536,05;2536,51;2537,05;2537,48;2537,51;2537,72;2537,88;2538,18;2538,49;2538,53;2538,82;2538,88;2538,84;2539,36;2539,71;2539,56;2539,26;2539,1;2538,65;2538,63;2538,51;2538,7;2538,85;2538,9;2538,88;2538,66;2538,04;2537,87;2537,61;2537,54;2537,33;2537,33;2537,08;2536,75;2536,63;2536,32;2536,11;2535,57;2535,25;2534,92;2534,61;2534,36;2533,89;2533,67;2533,3;2533,12;2533,14;2533,22;2533,46;2533,76;2534,04;2534,14;2533,92;2534,08;2534,17;2533,77;2533,52;2532,98;2532,32;2531,44;2530,83;2530,46;2530,32;2530,22;2530,15;2530,16;2530,1;2529,68;2529,26;2529,15;2529,09;2528,64;2528,23;2527,64;2527,07;2526,59;2526,19;2525,74;2525,18;2524,52;2523,93;2523,31;2522,51;2521,71;2521,16;2520,62;2519,83;2519,38;2518,79;2517,98;2517,09;2516,08;2515,19;2514,32;2513,35;2512,03;2511,24;2510,41;2509,89;2509,21;2508,72;2508,2;2507,73;2507,13;2506,42;2505,84;2505,1;2504,75;2504,31;2503,58;2502,71;2501,67;2500,22;2498,63;2496,67;2494,91;2493,27;2491,3;2489,96;2488,36;2486,05;2483,34;2479,41;2474,14;2467,69;2459,93;2450,07;2437,2;2420,15;2397,93;2365,67
536215;1051,425;104;142;-21;2362,91;2398,9;2424,24;2443,32;2458,21;2469,76;2479,2;2486,53;2492,08;2496,46;2499,96;2502,56;2504,34;2504,78;2505,11;2504,94;2504,71;2504,78;2505,31;2505,61;2506,71;2507,72;2508,91;2510,2;2511,43;2512,94;2514,5;2515,89;2517,29;2518,57;2519,91;2520,83;2522;2522,92;2524;2525,09;2525,96;2526,61;2526,72;2526,9;2527,04;2526,76;2526,69;2526,68;2527,16;2527,55;2528,19;2528,68;2529,22;2529,7;2530,35;2530,7;2531,29;2532,04;2532,69;2533,81;2534,86;2535,97;2537,12;2538,1;2538,73;2539,42;2539,73;2540,12;2540,19;2540,17;2540,72;2541,13;2541,34;2541,48;2541,39;2541,55;2541,36;2541,34;2541,12;2541,28;2541,43;2541,7;2542;2542,27;2542,45;2543,09;2543,69;2543,98;2544,11;2544,26;2544,41;2544,42;2544,44;2544,88;2544,86;2544,84;2544,76;2544,91;2545,23;2545,38;2545,31;2545,18;2544,82;2544,81;2545,03;2544,96;2545,02;2544,56;2544,14;2543,62;2543,27;2542,93;2542,99;2542,86;2542,68;2542,13;2541,92;2541,77;2541,32;2541,09;2540,81;2540,79;2540,91;2540,66;2540,53;2540,03;2539,88;2539,63;2539,38;2539,51;2539,73;2539,95;2539,79;2539,76;2539,77;2539,68;2539,36;2539,05;2538,69;2538,04;2537,38;2536,83;2536,07;2535,57;2535,05;2534,41;2534,01;2533,7;2533,6;2533,13;2532,4;2531,47;2530,92;2530,59;2530,34;2530,07;2529,44;2528,69;2527,89;2526,82;2526,22;2525,56;2524,82;2524,09;2523,33;2522,51;2522,02;2520,97;2520,12;2519,3;2518,4;2517,54;2516,94;2516,18;2514,83;2513,38;2512,29;2511,65;2511,12;2510,39;2509,84;2509,35;2508,88;2508,14;2507,13;2506,14;2504,96;2503,81;2502,97;2501,84;2500,94;2500,2;2499,38;2498,46;2497,1;2495,35;2493,68;2491,97;2490,18;2487,86;2484,86;2481,1;2476,55;2470,81;2463,87;2455,41;2445,57;2433,47;2417,78;2397,18;2367,03
